<assembly>
    <id>bin</id>
    <formats>
        <format>tar.gz</format>
    </formats>
    <files>
      <file>
        <source>${project.basedir}/../opengrok-indexer/target/opengrok-${version}.jar</source>
        <outputDirectory>lib</outputDirectory>
        <destName>opengrok.jar</destName>
      </file>
      <file>
        <source>${project.basedir}/../plugins/target/plugins-${version}.jar</source>
        <outputDirectory>share/lib</outputDirectory>
        <destName>plugins.jar</destName>
      </file>
      <file>
        <source>${project.build.directory}/dist/opengrok-web-${version}.war</source>
        <outputDirectory>lib</outputDirectory>
        <destName>source.war</destName>
      </file>
    </files>
    <fileSets>
        <fileSet>
          <directory>${project.basedir}/..</directory>
          <outputDirectory>doc</outputDirectory>
          <includes>
            <include>README*</include>
            <include>LICENSE*</include>
            <include>CHANGES*</include>
            <include>paths.tsv</include>
            <include>logging.properties</include>
          </includes>
        </fileSet>
        <fileSet>
          <directory>${project.build.directory}/dist</directory>
          <outputDirectory>man/man1</outputDirectory>
          <includes>
            <include>opengrok.1</include>
          </includes>
        </fileSet>
        <fileSet>
          <directory>${project.basedir}/../tools/src/main/python</directory>
          <outputDirectory>bin</outputDirectory>
          <includes>
            <include>*.py</include>
          </includes>
        </fileSet>
        <fileSet>
          <directory>${project.build.directory}/../lib</directory>
          <outputDirectory>lib/lib</outputDirectory>
          <includes>
            <include>*.jar</include>
          </includes>
        </fileSet>
        <fileSet>
          <directory>${project.build.directory}/dist</directory>
          <outputDirectory>lib/lib</outputDirectory>
          <includes>
            <include>*.jar</include>
          </includes>
        </fileSet>
    </fileSets>
</assembly>
